<?xml version="1.0" encoding="UTF-8" standalone="yes"?>
<manifest>
  <control namespace="mea" constructor="AzureTranslatorPCF" version="2.0.1" display-name-key="AzureTranslatorPCF" description-key="AzureTranslatorPCF description" control-type="standard" api-version="1.2.3">
    <property name="TextToTranslate" display-name-key="TextToTranslate" description-key="TextToTranslate" of-type-group="Strings" usage="bound" required="true"/>
    <property name="SubscriptionKey" display-name-key="SubscriptionKey" description-key="SubscriptionKey" of-type="SingleLine.Text" usage="input" required="true"/>
    <property name="EndPoint" display-name-key="EndPoint" description-key="EndPoint" of-type="SingleLine.Text" usage="input" required="true"/>
    <property name="Region" display-name-key="Region" description-key="Region" of-type="SingleLine.Text" usage="input" required="true"/>
    <property name="Language" display-name-key="Language" description-key="Language" of-type="SingleLine.Text" usage="input" required="true"/>
    <property name="Rows" display-name-key="Rows" description-key="Rows" of-type="Whole.None" usage="input" required="true"/>
    <type-group name="Strings">
      <type>SingleLine.Text</type>
      <type>Multiple</type>
      <type>SingleLine.TextArea</type>
    </type-group>
    <resources>
      <code path="bundle.js" order="1"/>
    </resources>
    <built-by name="pac" version="1.4.4"/>
  </control>
</manifest>